{"Hurts_to_breath": [-0.9330836719401929, 0.34129474455797854], "Lung_contusion": [0.9211176876703167, 0.3867471303562841], "Headache": [0.912248896514372, -0.2650051692937012], "Hyperhidrosis": [0.36544090850349065, -0.1501849102611062], "Sweating": [-0.887597900402765, -0.414389878191198], "Cough": [0.45138712071452713, 0.6914777214227485], "Asthma": [0.2777057598817413, -0.9592734935222784], "Congestion_in_chest": [-0.6587953159503752, 0.4405698383796511], "Fever": [0.012446801717636449, 0.7128759470301159], "Other_diagnostic_procedures_(interview;_evaluation;_consultation)": [0.8574652799924714, 0.09439267932962409], "Chronic_sinusitis": [-0.5665442119120395, 0.8545935621334569], "Hematologic_tests_(Blood_test)": [-0.16727762007394112, -1.0], "Idiopathic_nonmenstrual_bleeding": [-0.5845137347152423, -0.7330981719415757]}