{"Hurts_to_breath": [0.5212208016520101, -1.0], "Lung_contusion": [0.15640688822571466, -0.8625399260819533], "Hematologic_tests_(Blood_test)": [0.11315661486772154, -0.5087005734845769], "Idiopathic_nonmenstrual_bleeding": [0.31238404931514396, -0.18560642080583817], "Sweating": [0.36541601198434626, 0.16058802974580924], "Hyperhidrosis": [0.06190964727048158, 0.34678136214615124], "Other_diagnostic_procedures_(interview;_evaluation;_consultation)": [-0.2372029420888069, 0.5089040496414596], "Asthma": [-0.4903376223901338, 0.6970918835891333], "Congestion_in_chest": [-0.8029534488364773, 0.8434815952498147]}