{"Sweating": [-0.36316736615889644, -0.5346842044670747], "Idiopathic_nonmenstrual_bleeding": [-0.1250338842808897, -0.7026761275085164], "Complete_blood_count_(Cbc)": [0.14280355051367424, -0.6757304772502549], "Volvulus": [0.23580460903226586, -0.4363233821518723], "Back_pain": [0.16903883742338496, -0.19517253202472484], "Lung_contusion": [0.0918740259885479, 0.12823732649637443], "Radiographic_imaging_procedure": [-0.05146170186547889, 0.40688646267017475], "Crushing_injury": [0.03839262640689455, 0.16189075770024214], "Foot_or_toe_pain": [0.2506879105196269, 0.17486208796698566], "Intracranial_hemorrhage": [-0.13471428455479634, 0.6727100885686654], "Dizziness": [-0.2542243230243326, 1.0]}