{"Fatigue": [-0.257737559886706, 0.2162937906546581], "Thoracic_aortic_aneurysm": [-0.4328940379007654, 0.6709034862285204], "Hematologic_tests_(Blood_test)": [0.40509189450988753, 0.6031729531846798], "Hyperkalemia": [0.4693267678515107, -0.12304597940978657], "Weakness": [1.0, 0.2957117569206103], "Complete_blood_count_(Cbc)": [-0.17984997158749566, -0.7954007655895042], "Choledocholithiasis": [-0.2567434202200933, -0.12898759645423394], "Jaundice": [-0.7471936727663377, -0.7386476455349434]}