{"Sweating": [0.8460478904948314, -0.12841092879913021], "Idiopathic_nonmenstrual_bleeding": [0.6966576938360625, 0.039126483878440525], "Sharp_abdominal_pain": [0.6930640463270434, 0.26669660850105914], "Pyelonephritis": [0.6448345216398893, 0.5043608828181122], "Back_pain": [0.4127641093108098, 0.616968964791806], "Headache_after_lumbar_puncture": [0.11661708270064389, 0.5482118109008745], "Painful_urination": [-0.12954272007630865, 0.34652867270092796], "Endophthalmitis": [-0.1767962515076926, 0.04700972974808518], "Foot_or_toe_pain": [-0.24517627544985757, -0.304471278936696], "Ingrown_toe_nail": [-0.36379958470432056, -0.5322858009263798], "Other_diagnostic_procedures_(interview;_evaluation;_consultation)": [-0.6240930814909904, -0.6108256808841758], "Sick_sinus_syndrome": [-0.870577431080111, -0.47986788063273694], "Dizziness": [-1.0, -0.3130415831601866]}