{"Fatigue": [-0.6615429774474243, 0.42857130629399376], "Cirrhosis": [-0.4996451591735105, 0.16327761378148617], "Shortness_of_breath": [-0.27016366398345704, 0.10803230868109527], "Sick_sinus_syndrome": [-0.22489413648928538, 0.5306177430196187], "Weakness": [-0.20739532598914912, 0.8514091547263869], "Thoracic_aortic_aneurysm": [-0.3298195759506479, -0.34994629106026376], "Jaundice": [-0.07925188818721536, -0.47479967027232634], "Choledocholithiasis": [0.09278653363790648, -0.24190604444916539], "Vomiting": [0.42825048743812844, -0.2711526988091546], "Hyperkalemia": [0.7516757061446553, -0.3861782388162222], "Hematologic_tests_(Blood_test)": [0.9999999999999999, -0.35792518309544874]}