{"Sweating": [-0.680185643642548, 0.9812020247599016], "Idiopathic_nonmenstrual_bleeding": [-0.3662357899122182, 0.9999999999999999], "Complete_blood_count_(Cbc)": [-0.04098362442919177, 0.8141460849083711], "Volvulus": [0.048843180142325714, 0.4543793092179439], "Back_pain": [0.004755719335405158, 0.022865334796498743], "Lung_contusion": [0.020455417362566827, -0.36607914105960465], "Radiographic_imaging_procedure": [0.18835455313687582, -0.5976361723863104], "Crushing_injury": [-0.19266676877225142, -0.6671614578518476], "Foot_or_toe_pain": [-0.5178899528189059, -0.6200037701809138], "Intracranial_hemorrhage": [0.6432167700510655, -0.5177721385944623], "Dizziness": [0.892336139546876, -0.5039400736095768]}