{"Sharp_chest_pain": [-0.9999999999999993, -0.1587517946028863], "Coronary_atherosclerosis": [1.0, 0.15875179460288688]}