{"Sweating": [0.6404971100330532, -0.9999999999999999], "Idiopathic_nonmenstrual_bleeding": [0.4870265962859148, -0.762080686370897], "Complete_blood_count_(Cbc)": [0.5545527584426228, -0.47504308529485356], "Volvulus": [0.558818969222867, -0.15934097404074707], "Back_pain": [0.31701840350632693, 0.0576324380738308], "Lung_contusion": [-0.005065032747087716, 0.1641336838608192], "Radiographic_imaging_procedure": [-0.28618546996475275, 0.3098429145132748], "Crushing_injury": [-0.5843818406022298, 0.19268344481002309], "Foot_or_toe_pain": [-0.8280965087704514, 0.09078720587804935], "Intracranial_hemorrhage": [-0.2597766916440444, 0.6392525707607661], "Dizziness": [-0.5944082937622188, 0.9421324878097354]}